"STATION","NAME","DATE","AWND","PRCP","SNOW","TAVG","TMAX","TMIN"
"USW00014739","BOSTON, MA US","2019-01-01","15.88","0.38","0.0","47","59","34"
"USW00014739","BOSTON, MA US","2019-01-02","9.40","0.00","0.0","33","37","28"
"USW00014739","BOSTON, MA US","2019-01-03","10.51","0.02","0.0","38","46","32"
"USW00014739","BOSTON, MA US","2019-01-04","11.18","0.00","0.0","40","48","34"
"USW00014739","BOSTON, MA US","2019-01-05","9.17","0.53","0.0","41","43","38"
"USW00014739","BOSTON, MA US","2019-01-06","14.32","0.00","0.0","40","47","25"
"USW00014739","BOSTON, MA US","2019-01-07","11.63","0.00","0.0","26","31","19"
"USW00014739","BOSTON, MA US","2019-01-08","7.61","0.02","0.0","34","43","30"
"USW00014739","BOSTON, MA US","2019-01-09","15.66","0.13","0.0","40","46","35"
"USW00014739","BOSTON, MA US","2019-01-10","16.11","0.00","0.0","36","37","26"
"USW00014739","BOSTON, MA US","2019-01-11","18.12","0.00","0.0","27","30","17"
"USW00014739","BOSTON, MA US","2019-01-12","14.76","0.00","0.0","20","29","15"
"USW00014739","BOSTON, MA US","2019-01-13","8.28","0.00","0.0","22","29","16"
"USW00014739","BOSTON, MA US","2019-01-14","8.72","0.00","0.0","26","31","23"
"USW00014739","BOSTON, MA US","2019-01-15","7.38","0.00","0.0","30","39","24"
"USW00014739","BOSTON, MA US","2019-01-16","11.63","0.00","0.0","32","41","25"
"USW00014739","BOSTON, MA US","2019-01-17","9.62","0.00","0.0","27","33","18"
"USW00014739","BOSTON, MA US","2019-01-18","6.71","0.00","0.0","32","43","27"
"USW00014739","BOSTON, MA US","2019-01-19","12.08","0.13","0.5","33","37","28"
"USW00014739","BOSTON, MA US","2019-01-20","17.90","1.20","1.1","30","37","10"
"USW00014739","BOSTON, MA US","2019-01-21","20.13","0.00","0.0","9","10","5"
"USW00014739","BOSTON, MA US","2019-01-22","14.09","0.00","0.0","14","28","7"
"USW00014739","BOSTON, MA US","2019-01-23","13.65","0.00","0.0","29","48","20"
"USW00014739","BOSTON, MA US","2019-01-24","23.71","1.00","0.0","52","59","37"
"USW00014739","BOSTON, MA US","2019-01-25","13.65","0.00","0.0","39","42","29"
"USW00014739","BOSTON, MA US","2019-01-26","8.50","0.00","0.0","30","36","25"
"USW00014739","BOSTON, MA US","2019-01-27","13.20","0.00","0.0","35","47","27"
"USW00014739","BOSTON, MA US","2019-01-28","10.07","0.00","0.0","34","42","24"
"USW00014739","BOSTON, MA US","2019-01-29","12.53","0.05","0.0","28","38","20"
"USW00014739","BOSTON, MA US","2019-01-30","15.88","0.16","0.5","33","39","9"
"USW00014739","BOSTON, MA US","2019-01-31","17.22","0.00","0.0","12","18","5"
"USW00014739","BOSTON, MA US","2019-02-01","13.20","0.00","0.0","16","23","10"
"USW00014739","BOSTON, MA US","2019-02-02","12.75","0.00","0.0","22","35","14"
"USW00014739","BOSTON, MA US","2019-02-03","6.26","0.00","0.0","34","39","27"
"USW00014739","BOSTON, MA US","2019-02-04","9.40","0.00","0.0","45","63","35"
"USW00014739","BOSTON, MA US","2019-02-05","12.08","0.00","0.0","51","65","40"
"USW00014739","BOSTON, MA US","2019-02-06","10.07","0.37","0.0","40","44","33"
"USW00014739","BOSTON, MA US","2019-02-07","9.62","0.21","0.0","38","42","35"
"USW00014739","BOSTON, MA US","2019-02-08","13.20","0.07","0.0","43","57","31"
"USW00014739","BOSTON, MA US","2019-02-09","19.69","0.00","0.0","31","36","25"
"USW00014739","BOSTON, MA US","2019-02-10","12.30","0.00","0.0","30","37","24"
"USW00014739","BOSTON, MA US","2019-02-11","10.51","0.00","0.0","32","37","26"
"USW00014739","BOSTON, MA US","2019-02-12","14.09","0.91","2.4","26","38","19"
"USW00014739","BOSTON, MA US","2019-02-13","13.42","0.28","0.1","38","43","33"
"USW00014739","BOSTON, MA US","2019-02-14","13.65","0.00","0.0","35","40","31"
"USW00014739","BOSTON, MA US","2019-02-15","11.41","0.10","0.0","40","52","31"
"USW00014739","BOSTON, MA US","2019-02-16","12.08","0.00","0.0","43","49","31"
"USW00014739","BOSTON, MA US","2019-02-17","9.62","0.00","0.0","30","34","24"
"USW00014739","BOSTON, MA US","2019-02-18","10.29","0.31","3.6","30","32","21"
"USW00014739","BOSTON, MA US","2019-02-19","13.42","0.00","0.0","25","34","18"
"USW00014739","BOSTON, MA US","2019-02-20","8.05","0.10","0.8","26","31","21"
"USW00014739","BOSTON, MA US","2019-02-21","10.29","0.42","1.3","34","48","26"
"USW00014739","BOSTON, MA US","2019-02-22","8.95","0.00","0.0","42","46","36"
"USW00014739","BOSTON, MA US","2019-02-23","6.49","0.00","0.0","35","38","30"
"USW00014739","BOSTON, MA US","2019-02-24","13.87","0.48","0.0","39","47","34"
"USW00014739","BOSTON, MA US","2019-02-25","23.04","0.00","0.0","39","42","30"
"USW00014739","BOSTON, MA US","2019-02-26","20.13","0.00","0.0","29","32","20"
"USW00014739","BOSTON, MA US","2019-02-27","9.62","0.05","1.2","20","26","13"
"USW00014739","BOSTON, MA US","2019-02-28","8.50","0.15","2.2","24","31","19"
"USW00014739","BOSTON, MA US","2019-03-01","6.71","0.00","0.0","29","38","23"
"USW00014739","BOSTON, MA US","2019-03-02","10.07","0.18","2.0","33","34","32"
"USW00014739","BOSTON, MA US","2019-03-03","8.50","0.09","0.7","35","41","32"
"USW00014739","BOSTON, MA US","2019-03-04","13.20","0.97","9.9","36","40","25"
"USW00014739","BOSTON, MA US","2019-03-05","10.51","0.00","0.0","26","31","19"
"USW00014739","BOSTON, MA US","2019-03-06","16.11","0.00","0.0","24","27","18"
"USW00014739","BOSTON, MA US","2019-03-07","13.87","0.00","0.0","21","30","15"
"USW00014739","BOSTON, MA US","2019-03-08","10.96","0.00","0.0","27","38","18"
"USW00014739","BOSTON, MA US","2019-03-09","6.93","0.00","0.0","34","46","26"
"USW00014739","BOSTON, MA US","2019-03-10","12.75","0.46","0.9","35","40","31"
"USW00014739","BOSTON, MA US","2019-03-11","14.54","0.00","0.0","43","50","37"
"USW00014739","BOSTON, MA US","2019-03-12","13.87","0.00","0.0","40","45","34"
"USW00014739","BOSTON, MA US","2019-03-13","7.83","0.00","0.0","36","40","30"
"USW00014739","BOSTON, MA US","2019-03-14","7.38","0.00","0.0","41","51","36"
"USW00014739","BOSTON, MA US","2019-03-15","12.97","0.20","0.0","52","64","40"
"USW00014739","BOSTON, MA US","2019-03-16","18.79","0.00","0.0","50","56","36"
"USW00014739","BOSTON, MA US","2019-03-17","14.09","0.00","0.0","38","43","32"
"USW00014739","BOSTON, MA US","2019-03-18","10.29","0.00","0.0","36","44","28"
"USW00014739","BOSTON, MA US","2019-03-19","7.83","0.00","0.0","39","48","32"
"USW00014739","BOSTON, MA US","2019-03-20","10.51","0.00","0.0","40","51","31"
"USW00014739","BOSTON, MA US","2019-03-21","10.74","0.00","0.0","43","52","33"
"USW00014739","BOSTON, MA US","2019-03-22","21.03","0.88","0.0","41","44","40"
"USW00014739","BOSTON, MA US","2019-03-23","21.70","0.04","0.0","41","48","34"
"USW00014739","BOSTON, MA US","2019-03-24","13.20","0.00","0.0","44","60","34"
"USW00014739","BOSTON, MA US","2019-03-25","10.29","0.00","0.0","47","52","36"
"USW00014739","BOSTON, MA US","2019-03-26","10.07","0.00","0.0","37","44","31"
"USW00014739","BOSTON, MA US","2019-03-27","10.74","0.00","0.0","36","41","30"
"USW00014739","BOSTON, MA US","2019-03-28","15.21","0.01","0.0","41","54","33"
"USW00014739","BOSTON, MA US","2019-03-29","11.41","0.03","0.0","49","58","44"
"USW00014739","BOSTON, MA US","2019-03-30","11.63","0.00","0.0","51","67","44"
"USW00014739","BOSTON, MA US","2019-03-31","17.00","0.09","0.0","58","70","41"
"USW00014739","BOSTON, MA US","2019-04-01","16.11","0.00","0.0","42","47","37"
"USW00014739","BOSTON, MA US","2019-04-02","10.51","0.05","0.0","42","53","30"
"USW00014739","BOSTON, MA US","2019-04-03","18.12","0.40","0.0","47","65","40"
"USW00014739","BOSTON, MA US","2019-04-04","17.67","0.00","0.0","46","53","38"
"USW00014739","BOSTON, MA US","2019-04-05","10.51","0.13","0.0","40","46","35"
"USW00014739","BOSTON, MA US","2019-04-06","7.38","0.09","0.0","47","67","37"
"USW00014739","BOSTON, MA US","2019-04-07","8.28","0.00","0.0","55","69","43"
"USW00014739","BOSTON, MA US","2019-04-08","11.63","0.31","0.0","47","54","37"
"USW00014739","BOSTON, MA US","2019-04-09","9.84","0.06","0.0","38","41","36"
"USW00014739","BOSTON, MA US","2019-04-10","13.65","0.01","0.0","42","47","36"
"USW00014739","BOSTON, MA US","2019-04-11","9.84","0.00","0.0","42","52","35"
"USW00014739","BOSTON, MA US","2019-04-12","8.50","0.11","0.0","47","58","41"
"USW00014739","BOSTON, MA US","2019-04-13","14.09","0.28","0.0","62","75","57"
"USW00014739","BOSTON, MA US","2019-04-14","7.61","0.04","0.0","59","67","49"
"USW00014739","BOSTON, MA US","2019-04-15","16.11","0.72","0.0","56","70","45"
"USW00014739","BOSTON, MA US","2019-04-16","18.34","0.00","0.0","50","61","43"
"USW00014739","BOSTON, MA US","2019-04-17","12.08","0.00","0.0","51","60","45"
"USW00014739","BOSTON, MA US","2019-04-18","10.96","0.00","0.0","48","63","43"
"USW00014739","BOSTON, MA US","2019-04-19","22.82","0.02","0.0","67","77","63"
"USW00014739","BOSTON, MA US","2019-04-20","17.90","0.17","0.0","68","74","59"
"USW00014739","BOSTON, MA US","2019-04-21","8.50","0.03","0.0","61","70","55"
"USW00014739","BOSTON, MA US","2019-04-22","11.63","2.30","0.0","55","58","49"
"USW00014739","BOSTON, MA US","2019-04-23","11.63","0.21","0.0","51","56","47"
"USW00014739","BOSTON, MA US","2019-04-24","9.62","0.04","0.0","55","68","47"
"USW00014739","BOSTON, MA US","2019-04-25","10.51","0.00","0.0","51","55","47"
"USW00014739","BOSTON, MA US","2019-04-26","14.99","0.74","0.0","49","49","46"
"USW00014739","BOSTON, MA US","2019-04-27","17.90","0.66","0.0","50","57","45"
"USW00014739","BOSTON, MA US","2019-04-28","10.51","0.01","0.0","49","56","45"
"USW00014739","BOSTON, MA US","2019-04-29","9.40","0.00","0.0","52","63","43"
"USW00014739","BOSTON, MA US","2019-04-30","7.61","0.14","0.0","49","54","44"
"USW00014739","BOSTON, MA US","2019-05-01","6.26","0.00","0.0","51","56","47"
"USW00014739","BOSTON, MA US","2019-05-02","9.62","0.06","0.0","48","50","45"
"USW00014739","BOSTON, MA US","2019-05-03","6.71","0.11","0.0","48","57","45"
"USW00014739","BOSTON, MA US","2019-05-04","5.82","0.14","0.0","52","55","48"
"USW00014739","BOSTON, MA US","2019-05-05","6.49","0.01","0.0","50","51","49"
"USW00014739","BOSTON, MA US","2019-05-06","10.96","0.00","0.0","52","60","47"
"USW00014739","BOSTON, MA US","2019-05-07","10.96","0.08","0.0","58","76","45"
"USW00014739","BOSTON, MA US","2019-05-08","9.17","0.00","0.0","58","61","50"
"USW00014739","BOSTON, MA US","2019-05-09","10.74","0.00","0.0","52","55","47"
"USW00014739","BOSTON, MA US","2019-05-10","11.63","0.01","0.0","55","66","51"
"USW00014739","BOSTON, MA US","2019-05-11","10.96","0.00","0.0","64","70","54"
"USW00014739","BOSTON, MA US","2019-05-12","6.49","0.39","0.0","51","55","43"
"USW00014739","BOSTON, MA US","2019-05-13","15.88","0.82","0.0","49","55","44"
"USW00014739","BOSTON, MA US","2019-05-14","11.63","0.15","0.0","45","48","43"
"USW00014739","BOSTON, MA US","2019-05-15","9.17","0.01","0.0","51","62","45"
"USW00014739","BOSTON, MA US","2019-05-16","6.49","0.00","0.0","57","65","50"
"USW00014739","BOSTON, MA US","2019-05-17","5.37","0.24","0.0","55","65","50"
"USW00014739","BOSTON, MA US","2019-05-18","11.41","0.00","0.0","62","70","53"
"USW00014739","BOSTON, MA US","2019-05-19","14.54","0.22","0.0","60","73","53"
"USW00014739","BOSTON, MA US","2019-05-20","14.32","0.13","0.0","73","88","66"
"USW00014739","BOSTON, MA US","2019-05-21","18.57","0.00","0.0","67","72","58"
"USW00014739","BOSTON, MA US","2019-05-22","13.87","0.00","0.0","61","69","54"
"USW00014739","BOSTON, MA US","2019-05-23","14.99","0.12","0.0","61","72","53"
"USW00014739","BOSTON, MA US","2019-05-24","15.43","0.00","0.0","65","73","53"
"USW00014739","BOSTON, MA US","2019-05-25","12.30","0.03","0.0","61","71","52"
"USW00014739","BOSTON, MA US","2019-05-26","11.86","0.23","0.0","71","89","53"
"USW00014739","BOSTON, MA US","2019-05-27","9.62","0.00","0.0","69","76","57"
"USW00014739","BOSTON, MA US","2019-05-28","12.30","0.30","0.0","58","64","52"
"USW00014739","BOSTON, MA US","2019-05-29","9.17","0.00","0.0","52","55","50"
"USW00014739","BOSTON, MA US","2019-05-30","7.61","0.23","0.0","56","66","52"
"USW00014739","BOSTON, MA US","2019-05-31","9.17","0.07","0.0","63","75","57"
"USW00014739","BOSTON, MA US","2019-06-01","8.28","0.00","0.0","60","66","54"
"USW00014739","BOSTON, MA US","2019-06-02","8.28","0.04","0.0","56","63","53"
"USW00014739","BOSTON, MA US","2019-06-03","15.43","0.04","0.0","64","74","57"
"USW00014739","BOSTON, MA US","2019-06-04","9.62","0.00","0.0","63","72","54"
"USW00014739","BOSTON, MA US","2019-06-05","12.30","0.05","0.0","71","84","61"
"USW00014739","BOSTON, MA US","2019-06-06","9.84","0.01","0.0","70","78","64"
"USW00014739","BOSTON, MA US","2019-06-07","8.50","0.00","0.0","68","73","64"
"USW00014739","BOSTON, MA US","2019-06-08","10.07","0.00","0.0","68","73","63"
"USW00014739","BOSTON, MA US","2019-06-09","9.84","0.00","0.0","67","80","56"
"USW00014739","BOSTON, MA US","2019-06-10","10.29","0.14","0.0","66","74","58"
"USW00014739","BOSTON, MA US","2019-06-11","11.86","0.53","0.0","70","79","63"
"USW00014739","BOSTON, MA US","2019-06-12","11.63","0.00","0.0","68","75","60"
"USW00014739","BOSTON, MA US","2019-06-13","11.41","0.63","0.0","59","62","53"
"USW00014739","BOSTON, MA US","2019-06-14","14.32","0.00","0.0","63","77","54"
"USW00014739","BOSTON, MA US","2019-06-15","15.21","0.00","0.0","72","84","62"
"USW00014739","BOSTON, MA US","2019-06-16","7.61","0.11","0.0","69","72","63"
"USW00014739","BOSTON, MA US","2019-06-17","8.50","0.00","0.0","69","75","66"
"USW00014739","BOSTON, MA US","2019-06-18","5.59","0.10","0.0","67","70","61"
"USW00014739","BOSTON, MA US","2019-06-19","7.61","0.00","0.0","64","71","60"
"USW00014739","BOSTON, MA US","2019-06-20","6.71","0.37","0.0","66","73","61"
"USW00014739","BOSTON, MA US","2019-06-21","10.29","1.19","0.0","68","76","61"
"USW00014739","BOSTON, MA US","2019-06-22","12.30","0.00","0.0","72","83","64"
"USW00014739","BOSTON, MA US","2019-06-23","12.97","0.00","0.0","74","87","66"
"USW00014739","BOSTON, MA US","2019-06-24","10.29","0.00","0.0","75","80","63"
"USW00014739","BOSTON, MA US","2019-06-25","6.93","0.13","0.0","67","73","63"
"USW00014739","BOSTON, MA US","2019-06-26","6.71","0.00","0.0","69","75","62"
"USW00014739","BOSTON, MA US","2019-06-27","6.71","0.00","0.0","65","71","61"
"USW00014739","BOSTON, MA US","2019-06-28","6.93","0.00","0.0","71","85","63"
"USW00014739","BOSTON, MA US","2019-06-29","6.26","1.65","0.0","77","87","68"
"USW00014739","BOSTON, MA US","2019-06-30","10.51","0.16","0.0","73","78","65"
"USW00014739","BOSTON, MA US","2019-07-01","8.95","0.00","0.0","71","84","64"
"USW00014739","BOSTON, MA US","2019-07-02","9.40","0.00","0.0","79","87","73"
"USW00014739","BOSTON, MA US","2019-07-03","7.83","0.00","0.0","80","86","73"
"USW00014739","BOSTON, MA US","2019-07-04","5.82","0.00","0.0","79","84","73"
"USW00014739","BOSTON, MA US","2019-07-05","9.84","0.00","0.0","81","90","71"
"USW00014739","BOSTON, MA US","2019-07-06","11.41","1.37","0.0","82","95","75"
"USW00014739","BOSTON, MA US","2019-07-07","10.29","0.00","0.0","73","77","67"
"USW00014739","BOSTON, MA US","2019-07-08","7.83","0.00","0.0","71","76","66"
"USW00014739","BOSTON, MA US","2019-07-09","8.50","0.00","0.0","78","89","69"
"USW00014739","BOSTON, MA US","2019-07-10","7.61","0.00","0.0","80","88","73"
"USW00014739","BOSTON, MA US","2019-07-11","10.51","0.02","0.0","77","86","71"
"USW00014739","BOSTON, MA US","2019-07-12","5.82","0.81","0.0","74","82","69"
"USW00014739","BOSTON, MA US","2019-07-13","9.40","0.00","0.0","78","89","72"
"USW00014739","BOSTON, MA US","2019-07-14","10.51","0.00","0.0","83","91","74"
"USW00014739","BOSTON, MA US","2019-07-15","10.96","0.00","0.0","79","87","71"
"USW00014739","BOSTON, MA US","2019-07-16","8.95","0.00","0.0","80","90","71"
"USW00014739","BOSTON, MA US","2019-07-17","10.29","0.43","0.0","83","92","74"
"USW00014739","BOSTON, MA US","2019-07-18","9.84","0.04","0.0","73","78","67"
"USW00014739","BOSTON, MA US","2019-07-19","9.40","0.00","0.0","75","93","66"
"USW00014739","BOSTON, MA US","2019-07-20","9.84","0.00","0.0","89","97","80"
"USW00014739","BOSTON, MA US","2019-07-21","13.87","0.00","0.0","90","98","83"
"USW00014739","BOSTON, MA US","2019-07-22","11.41","0.85","0.0","81","84","67"
"USW00014739","BOSTON, MA US","2019-07-23","11.18","1.03","0.0","67","71","63"
"USW00014739","BOSTON, MA US","2019-07-24","5.14","0.00","0.0","71","77","66"
"USW00014739","BOSTON, MA US","2019-07-25","8.72","0.00","0.0","73","76","69"
"USW00014739","BOSTON, MA US","2019-07-26","7.83","0.00","0.0","75","81","67"
"USW00014739","BOSTON, MA US","2019-07-27","9.84","0.00","0.0","75","82","69"
"USW00014739","BOSTON, MA US","2019-07-28","10.07","0.00","0.0","79","93","68"
"USW00014739","BOSTON, MA US","2019-07-29","9.84","0.01","0.0","84","93","75"
"USW00014739","BOSTON, MA US","2019-07-30","8.72","0.00","0.0","85","96","74"
"USW00014739","BOSTON, MA US","2019-07-31","9.84","1.25","0.0","82","94","71"
"USW00014739","BOSTON, MA US","2019-08-01","7.83","0.00","0.0","80","89","74"
"USW00014739","BOSTON, MA US","2019-08-02","8.05","0.00","0.0","77","82","68"
"USW00014739","BOSTON, MA US","2019-08-03","10.74","0.00","0.0","77","87","67"
"USW00014739","BOSTON, MA US","2019-08-04","7.83","0.00","0.0","77","85","71"
"USW00014739","BOSTON, MA US","2019-08-05","8.05","0.00","0.0","72","77","66"
"USW00014739","BOSTON, MA US","2019-08-06","6.71","0.00","0.0","71","76","64"
"USW00014739","BOSTON, MA US","2019-08-07","10.74","1.90","0.0","76","86","69"
"USW00014739","BOSTON, MA US","2019-08-08","11.41","0.38","0.0","78","88","69"
"USW00014739","BOSTON, MA US","2019-08-09","11.18","0.00","0.0","78","87","68"
"USW00014739","BOSTON, MA US","2019-08-10","12.97","0.00","0.0","76","82","66"
"USW00014739","BOSTON, MA US","2019-08-11","10.96","0.00","0.0","72","82","62"
"USW00014739","BOSTON, MA US","2019-08-12","10.51","0.00","0.0","77","87","65"
"USW00014739","BOSTON, MA US","2019-08-13","12.30","0.00","0.0","78","81","73"
"USW00014739","BOSTON, MA US","2019-08-14","7.83","0.00","0.0","72","76","63"
"USW00014739","BOSTON, MA US","2019-08-15","6.71","0.00","0.0","66","73","63"
"USW00014739","BOSTON, MA US","2019-08-16","7.38","0.00","0.0","68","75","63"
"USW00014739","BOSTON, MA US","2019-08-17","8.95","0.00","0.0","69","76","67"
"USW00014739","BOSTON, MA US","2019-08-18","7.38","0.16","0.0","73","81","69"
"USW00014739","BOSTON, MA US","2019-08-19","11.41","0.01","0.0","82","95","74"
"USW00014739","BOSTON, MA US","2019-08-20","7.83","0.00","0.0","79","84","71"
"USW00014739","BOSTON, MA US","2019-08-21","10.51","0.08","0.0","76","88","69"
"USW00014739","BOSTON, MA US","2019-08-22","9.84","0.00","0.0","80","93","72"
"USW00014739","BOSTON, MA US","2019-08-23","9.62","0.00","0.0","78","82","68"
"USW00014739","BOSTON, MA US","2019-08-24","10.51","0.00","0.0","69","73","62"
"USW00014739","BOSTON, MA US","2019-08-25","12.30","0.00","0.0","66","71","59"
"USW00014739","BOSTON, MA US","2019-08-26","9.40","0.00","0.0","64","72","57"
"USW00014739","BOSTON, MA US","2019-08-27","7.16","0.00","0.0","66","75","58"
"USW00014739","BOSTON, MA US","2019-08-28","7.83","0.65","0.0","69","75","63"
"USW00014739","BOSTON, MA US","2019-08-29","9.62","0.30","0.0","74","87","68"
"USW00014739","BOSTON, MA US","2019-08-30","12.08","0.00","0.0","77","87","65"
"USW00014739","BOSTON, MA US","2019-08-31","9.17","0.00","0.0","77","81","68"
"USW00014739","BOSTON, MA US","2019-09-01","8.50","0.00","0.0","69","72","62"
"USW00014739","BOSTON, MA US","2019-09-02","7.83","1.11","0.0","68","78","62"
"USW00014739","BOSTON, MA US","2019-09-03","8.28","0.00","0.0","71","76","66"
"USW00014739","BOSTON, MA US","2019-09-04","12.08","0.33","0.0","73","86","65"
"USW00014739","BOSTON, MA US","2019-09-05","9.17","0.00","0.0","68","70","61"
"USW00014739","BOSTON, MA US","2019-09-06","12.08","0.00","0.0","64","68","59"
"USW00014739","BOSTON, MA US","2019-09-07","14.32","0.03","0.0","65","75","56"
"USW00014739","BOSTON, MA US","2019-09-08","9.62","0.00","0.0","69","78","61"
"USW00014739","BOSTON, MA US","2019-09-09","7.83","0.00","0.0","66","70","60"
"USW00014739","BOSTON, MA US","2019-09-10","7.61","0.00","0.0","67","72","63"
"USW00014739","BOSTON, MA US","2019-09-11","13.65","0.00","0.0","75","87","69"
"USW00014739","BOSTON, MA US","2019-09-12","10.29","0.07","0.0","69","76","58"
"USW00014739","BOSTON, MA US","2019-09-13","11.18","0.00","0.0","61","68","54"
"USW00014739","BOSTON, MA US","2019-09-14","10.96","0.21","0.0","62","72","53"
"USW00014739","BOSTON, MA US","2019-09-15","9.62","0.00","0.0","73","81","68"
"USW00014739","BOSTON, MA US","2019-09-16","9.84","0.00","0.0","70","75","62"
"USW00014739","BOSTON, MA US","2019-09-17","10.74","0.00","0.0","64","70","59"
"USW00014739","BOSTON, MA US","2019-09-18","12.08","0.00","0.0","61","65","53"
"USW00014739","BOSTON, MA US","2019-09-19","7.61","0.00","0.0","58","65","50"
"USW00014739","BOSTON, MA US","2019-09-20","6.26","0.00","0.0","64","79","52"
"USW00014739","BOSTON, MA US","2019-09-21","6.93","0.00","0.0","73","83","65"
"USW00014739","BOSTON, MA US","2019-09-22","10.74","0.00","0.0","74","89","62"
"USW00014739","BOSTON, MA US","2019-09-23","15.21","0.13","0.0","78","92","70"
"USW00014739","BOSTON, MA US","2019-09-24","11.86","0.01","0.0","74","80","63"
"USW00014739","BOSTON, MA US","2019-09-25","9.40","0.00","0.0","65","76","59"
"USW00014739","BOSTON, MA US","2019-09-26","10.51","0.27","0.0","68","84","59"
"USW00014739","BOSTON, MA US","2019-09-27","8.95","0.00","0.0","65","74","58"
"USW00014739","BOSTON, MA US","2019-09-28","12.30","0.00","0.0","68","82","60"
"USW00014739","BOSTON, MA US","2019-09-29","9.17","0.00","0.0","70","75","58"
"USW00014739","BOSTON, MA US","2019-09-30","10.29","0.00","0.0","59","62","52"
"USW00014739","BOSTON, MA US","2019-10-01","11.63","0.05","0.0","62","72","57"
"USW00014739","BOSTON, MA US","2019-10-02","11.63","0.22","0.0","71","79","54"
"USW00014739","BOSTON, MA US","2019-10-03","11.41","0.02","0.0","54","55","51"
"USW00014739","BOSTON, MA US","2019-10-04","13.20","0.09","0.0","56","62","46"
"USW00014739","BOSTON, MA US","2019-10-05","9.40","0.00","0.0","50","57","42"
"USW00014739","BOSTON, MA US","2019-10-06","12.08","0.00","0.0","56","70","45"
"USW00014739","BOSTON, MA US","2019-10-07","16.11","0.16","0.0","73","81","61"
"USW00014739","BOSTON, MA US","2019-10-08","8.50","0.01","0.0","62","65","56"
"USW00014739","BOSTON, MA US","2019-10-09","17.90","0.07","0.0","58","60","55"
"USW00014739","BOSTON, MA US","2019-10-10","21.25","0.02","0.0","56","59","53"
"USW00014739","BOSTON, MA US","2019-10-11","23.71","0.33","0.0","56","57","53"
"USW00014739","BOSTON, MA US","2019-10-12","11.18","0.01","0.0","56","58","53"
"USW00014739","BOSTON, MA US","2019-10-13","6.26","0.00","0.0","59","70","52"
"USW00014739","BOSTON, MA US","2019-10-14","7.38","0.00","0.0","58","65","52"
"USW00014739","BOSTON, MA US","2019-10-15","8.28","0.00","0.0","58","64","49"
"USW00014739","BOSTON, MA US","2019-10-16","16.33","0.53","0.0","54","63","46"
"USW00014739","BOSTON, MA US","2019-10-17","24.61","0.67","0.0","57","64","52"
"USW00014739","BOSTON, MA US","2019-10-18","14.54","0.00","0.0","55","62","48"
"USW00014739","BOSTON, MA US","2019-10-19","7.61","0.00","0.0","52","62","44"
"USW00014739","BOSTON, MA US","2019-10-20","4.70","0.00","0.0","53","60","44"
"USW00014739","BOSTON, MA US","2019-10-21","8.95","0.00","0.0","58","63","51"
"USW00014739","BOSTON, MA US","2019-10-22","10.74","0.16","0.0","55","60","50"
"USW00014739","BOSTON, MA US","2019-10-23","10.07","0.42","0.0","61","70","53"
"USW00014739","BOSTON, MA US","2019-10-24","11.86","0.00","0.0","59","69","49"
"USW00014739","BOSTON, MA US","2019-10-25","5.82","0.01","0.0","58","63","53"
"USW00014739","BOSTON, MA US","2019-10-26","7.61","0.00","0.0","56","61","50"
"USW00014739","BOSTON, MA US","2019-10-27","15.66","1.43","0.0","53","56","51"
"USW00014739","BOSTON, MA US","2019-10-28","8.50","0.06","0.0","53","57","50"
"USW00014739","BOSTON, MA US","2019-10-29","4.47","0.03","0.0","54","57","52"
"USW00014739","BOSTON, MA US","2019-10-30","3.36","0.09","0.0","59","66","51"
"USW00014739","BOSTON, MA US","2019-10-31","18.12","0.07","0.0","65","72","59"
"USW00014739","BOSTON, MA US","2019-11-01","20.58","0.01","0.0","62","72","44"
"USW00014739","BOSTON, MA US","2019-11-02","6.93","0.00","0.0","45","51","39"
"USW00014739","BOSTON, MA US","2019-11-03","10.07","0.00","0.0","49","57","42"
"USW00014739","BOSTON, MA US","2019-11-04","8.72","0.00","0.0","48","55","41"
"USW00014739","BOSTON, MA US","2019-11-05","7.83","0.40","0.0","52","58","45"
"USW00014739","BOSTON, MA US","2019-11-06","10.51","0.00","0.0","52","56","42"
"USW00014739","BOSTON, MA US","2019-11-07","11.41","0.23","0.0","50","59","40"
"USW00014739","BOSTON, MA US","2019-11-08","16.78","0.00","0.0","39","42","30"
"USW00014739","BOSTON, MA US","2019-11-09","9.62","0.00","0.0","33","41","28"
"USW00014739","BOSTON, MA US","2019-11-10","11.18","0.00","0.0","41","54","33"
"USW00014739","BOSTON, MA US","2019-11-11","8.50","0.00","0.0","48","54","43"
"USW00014739","BOSTON, MA US","2019-11-12","13.20","0.08","0.0","41","44","26"
"USW00014739","BOSTON, MA US","2019-11-13","16.11","0.00","0.0","27","33","21"
"USW00014739","BOSTON, MA US","2019-11-14","6.93","0.00","0.0","30","42","23"
"USW00014739","BOSTON, MA US","2019-11-15","12.97","0.00","0.0","44","54","36"
"USW00014739","BOSTON, MA US","2019-11-16","13.42","0.00","0.0","37","43","28"
"USW00014739","BOSTON, MA US","2019-11-17","13.42","0.00","0.0","32","45","27"
"USW00014739","BOSTON, MA US","2019-11-18","14.09","0.24","0.0","40","41","36"
"USW00014739","BOSTON, MA US","2019-11-19","4.92","0.24","0.0","42","45","41"
"USW00014739","BOSTON, MA US","2019-11-20","10.51","0.23","0.0","41","42","39"
"USW00014739","BOSTON, MA US","2019-11-21","8.50","0.00","0.0","42","51","36"
"USW00014739","BOSTON, MA US","2019-11-22","15.66","0.09","0.0","48","56","39"
"USW00014739","BOSTON, MA US","2019-11-23","9.84","0.00","0.0","41","48","35"
"USW00014739","BOSTON, MA US","2019-11-24","16.33","1.51","0.0","43","48","40"
"USW00014739","BOSTON, MA US","2019-11-25","10.96","0.00","0.0","46","54","41"
"USW00014739","BOSTON, MA US","2019-11-26","9.17","0.00","0.0","50","63","40"
"USW00014739","BOSTON, MA US","2019-11-27","6.26","0.20","0.0","48","54","40"
"USW00014739","BOSTON, MA US","2019-11-28","19.46","0.14","0.0","47","53","35"
"USW00014739","BOSTON, MA US","2019-11-29","17.67","0.00","0.0","37","44","31"
"USW00014739","BOSTON, MA US","2019-11-30","16.11","0.00","0.0","33","39","26"
"USW00014739","BOSTON, MA US","2019-12-01","10.96","0.62","1.2","29","39","22"
"USW00014739","BOSTON, MA US","2019-12-02","24.16","0.43","1.1","39","42","29"
"USW00014739","BOSTON, MA US","2019-12-03","15.66","0.38","4.8","32","36","30"
"USW00014739","BOSTON, MA US","2019-12-04","9.62","0.00","0.0","34","41","29"
"USW00014739","BOSTON, MA US","2019-12-05","13.42","0.00","0.0","40","45","32"
"USW00014739","BOSTON, MA US","2019-12-06","9.17","0.04","0.2","34","38","29"
"USW00014739","BOSTON, MA US","2019-12-07","11.86","0.00","0.0","32","35","27"
"USW00014739","BOSTON, MA US","2019-12-08","9.62","0.00","0.0","29","41","23"
"USW00014739","BOSTON, MA US","2019-12-09","13.87","0.55","0.0","45","61","41"
"USW00014739","BOSTON, MA US","2019-12-10","15.66","0.19","0.0","59","63","42"
"USW00014739","BOSTON, MA US","2019-12-11","10.96","0.21","2.8","38","42","30"
"USW00014739","BOSTON, MA US","2019-12-12","10.07","0.00","0.0","30","33","26"
"USW00014739","BOSTON, MA US","2019-12-13","6.93","0.10","0.0","35","47","28"
"USW00014739","BOSTON, MA US","2019-12-14","12.53","1.25","0.0","51","60","47"
"USW00014739","BOSTON, MA US","2019-12-15","22.82","0.00","0.0","49","55","34"
"USW00014739","BOSTON, MA US","2019-12-16","11.41","0.00","0.0","34","35","32"
"USW00014739","BOSTON, MA US","2019-12-17","9.62","0.65","1.3","31","38","27"
"USW00014739","BOSTON, MA US","2019-12-18","14.32","0.00","0.1","34","38","24"
"USW00014739","BOSTON, MA US","2019-12-19","19.69","0.00","0.0","22","27","15"
"USW00014739","BOSTON, MA US","2019-12-20","13.20","0.00","0.0","23","33","17"
"USW00014739","BOSTON, MA US","2019-12-21","5.14","0.00","0.0","27","35","22"
"USW00014739","BOSTON, MA US","2019-12-22","9.84","0.00","0.0","36","45","30"
"USW00014739","BOSTON, MA US","2019-12-23","11.41","0.00","0.0","44","57","35"
"USW00014739","BOSTON, MA US","2019-12-24","9.62","0.00","0.0","45","50","35"
"USW00014739","BOSTON, MA US","2019-12-25","4.70","0.00","0.0","37","42","32"
"USW00014739","BOSTON, MA US","2019-12-26","6.93","0.00","0.0","37","41","34"
"USW00014739","BOSTON, MA US","2019-12-27","11.41","0.01","0.0","41","52","36"
"USW00014739","BOSTON, MA US","2019-12-28","10.96","0.00","0.0","48","51","38"
"USW00014739","BOSTON, MA US","2019-12-29","7.16","0.08","0.0","40","44","36"
"USW00014739","BOSTON, MA US","2019-12-30","20.80","1.29","0.0","38","41","36"
"USW00014739","BOSTON, MA US","2019-12-31","13.42","0.27","0.0","40","44","37"
"USW00014739","BOSTON, MA US","2020-01-01","15.43","0.00","0.0","39","43","36"
"USW00014739","BOSTON, MA US","2020-01-02","12.53","0.00","0.0","40","49","34"
"USW00014739","BOSTON, MA US","2020-01-03","7.16","0.00","0.0","47","52","44"
"USW00014739","BOSTON, MA US","2020-01-04","5.37","0.13","0.0","47","48","40"
"USW00014739","BOSTON, MA US","2020-01-05","16.55","0.11","0.0","39","41","32"
"USW00014739","BOSTON, MA US","2020-01-06","6.71","0.00","0.0","33","41","27"
"USW00014739","BOSTON, MA US","2020-01-07","9.17","0.00","0.0","38","42","33"
"USW00014739","BOSTON, MA US","2020-01-08","14.09","0.02","0.1","38","45","29"
"USW00014739","BOSTON, MA US","2020-01-09","13.20","0.00","0.0","29","33","22"
"USW00014739","BOSTON, MA US","2020-01-10","13.87","0.00","0.0","38","53","29"
"USW00014739","BOSTON, MA US","2020-01-11","18.12","0.00","0.0","57","70","49"
"USW00014739","BOSTON, MA US","2020-01-12","20.80","0.02","0.0","66","74","40"
"USW00014739","BOSTON, MA US","2020-01-13","9.17","0.01","0.0","41","43","36"
"USW00014739","BOSTON, MA US","2020-01-14","5.59","0.00","0.0","39","42","37"
"USW00014739","BOSTON, MA US","2020-01-15","8.50","0.00","0.0","44","52","39"
"USW00014739","BOSTON, MA US","2020-01-16","15.21","0.10","0.0","42","47","30"
"USW00014739","BOSTON, MA US","2020-01-17","20.13","0.00","0.0","25","30","16"
"USW00014739","BOSTON, MA US","2020-01-18","8.72","0.28","3.0","18","33","14"
"USW00014739","BOSTON, MA US","2020-01-19","13.42","0.02","0.0","33","45","24"
"USW00014739","BOSTON, MA US","2020-01-20","13.87","0.00","0.0","26","30","19"
"USW00014739","BOSTON, MA US","2020-01-21","7.61","0.00","0.0","23","28","18"
"USW00014739","BOSTON, MA US","2020-01-22","4.92","0.00","0.0","29","39","20"
"USW00014739","BOSTON, MA US","2020-01-23","7.38","0.00","0.0","36","50","26"
"USW00014739","BOSTON, MA US","2020-01-24","6.93","0.00","0.0","41","48","34"
"USW00014739","BOSTON, MA US","2020-01-25","14.09","0.70","0.0","42","50","40"
"USW00014739","BOSTON, MA US","2020-01-26","12.53","0.00","0.0","47","51","40"
"USW00014739","BOSTON, MA US","2020-01-27","12.30","0.00","0.0","42","48","39"
"USW00014739","BOSTON, MA US","2020-01-28","12.97","0.00","0.0","41","42","36"
"USW00014739","BOSTON, MA US","2020-01-29","10.51","0.00","0.0","37","43","29"
"USW00014739","BOSTON, MA US","2020-01-30","7.61","0.00","0.0","29","33","22"
"USW00014739","BOSTON, MA US","2020-01-31","8.95","0.00","0.0","35","47","29"
"USW00014739","BOSTON, MA US","2020-02-01","4.47","0.02","0.0","38","41","34"
"USW00014739","BOSTON, MA US","2020-02-02","6.93","0.00","0.0","39","44","36"
"USW00014739","BOSTON, MA US","2020-02-03","9.62","0.00","0.0","41","50","35"
"USW00014739","BOSTON, MA US","2020-02-04","3.13","0.00","0.0","42","47","35"
"USW00014739","BOSTON, MA US","2020-02-05","6.26","0.05","0.0","41","43","33"
"USW00014739","BOSTON, MA US","2020-02-06","12.30","0.44","0.3","37","41","34"
"USW00014739","BOSTON, MA US","2020-02-07","14.99","0.32","0.0","40","56","30"
"USW00014739","BOSTON, MA US","2020-02-08","16.55","0.00","0.0","31","37","25"
"USW00014739","BOSTON, MA US","2020-02-09","7.38","0.00","0.0","27","38","20"
"USW00014739","BOSTON, MA US","2020-02-10","13.42","0.16","0.0","42","47","38"
"USW00014739","BOSTON, MA US","2020-02-11","6.26","0.17","0.0","43","45","40"
"USW00014739","BOSTON, MA US","2020-02-12","11.41","0.00","0.0","41","45","37"
"USW00014739","BOSTON, MA US","2020-02-13","6.71","0.53","0.2","39","41","35"
"USW00014739","BOSTON, MA US","2020-02-14","14.32","0.00","0.0","33","40","15"
"USW00014739","BOSTON, MA US","2020-02-15","10.29","0.00","0.0","19","31","12"
"USW00014739","BOSTON, MA US","2020-02-16","11.18","0.00","0.0","35","46","29"
"USW00014739","BOSTON, MA US","2020-02-17","8.72","0.00","0.0","42","49","31"
"USW00014739","BOSTON, MA US","2020-02-18","10.74","0.45","0.0","37","42","31"
"USW00014739","BOSTON, MA US","2020-02-19","14.99","0.00","0.0","43","46","32"
"USW00014739","BOSTON, MA US","2020-02-20","11.86","0.00","0.0","32","37","24"
"USW00014739","BOSTON, MA US","2020-02-21","10.07","0.00","0.0","26","33","17"
"USW00014739","BOSTON, MA US","2020-02-22","11.63","0.00","0.0","36","49","29"
"USW00014739","BOSTON, MA US","2020-02-23","8.95","0.00","0.0","44","58","34"
"USW00014739","BOSTON, MA US","2020-02-24","8.95","0.00","0.0","48","64","35"
"USW00014739","BOSTON, MA US","2020-02-25","5.37","0.26","0.0","47","53","43"
"USW00014739","BOSTON, MA US","2020-02-26","9.40","0.15","0.0","46","48","44"
"USW00014739","BOSTON, MA US","2020-02-27","22.59","0.75","0.0","45","55","33"
"USW00014739","BOSTON, MA US","2020-02-28","15.43","0.00","0.0","34","38","28"
"USW00014739","BOSTON, MA US","2020-02-29","12.30","0.00","0.0","31","35","22"
"USW00014739","BOSTON, MA US","2020-03-01","12.30","0.00","0.0","25","33","19"
"USW00014739","BOSTON, MA US","2020-03-02","11.63","0.00","0.0","35","52","23"
"USW00014739","BOSTON, MA US","2020-03-03","11.18","0.03","0.0","50","59","46"
"USW00014739","BOSTON, MA US","2020-03-04","19.69","0.03","0.0","47","50","41"
"USW00014739","BOSTON, MA US","2020-03-05","10.74","0.00","0.0","44","51","37"
"USW00014739","BOSTON, MA US","2020-03-06","13.87","0.00","0.0","39","44","32"
"USW00014739","BOSTON, MA US","2020-03-07","20.13","0.00","0.0","36","45","29"
"USW00014739","BOSTON, MA US","2020-03-08","10.51","0.00","0.0","40","53","31"
"USW00014739","BOSTON, MA US","2020-03-09","13.42","0.00","0.0","55","72","42"
"USW00014739","BOSTON, MA US","2020-03-10","11.41","0.00","0.0","52","66","40"
"USW00014739","BOSTON, MA US","2020-03-11","9.17","0.00","0.0","50","59","37"
"USW00014739","BOSTON, MA US","2020-03-12","9.62","0.00","0.0","40","43","34"
"USW00014739","BOSTON, MA US","2020-03-13","16.33","0.29","0.0","46","62","40"
"USW00014739","BOSTON, MA US","2020-03-14","15.88","0.00","0.0","46","53","38"
"USW00014739","BOSTON, MA US","2020-03-15","10.51","0.00","0.0","40","43","30"
"USW00014739","BOSTON, MA US","2020-03-16","12.08","0.00","0.0","32","35","24"
"USW00014739","BOSTON, MA US","2020-03-17","8.95","0.03","0.0","36","45","31"
"USW00014739","BOSTON, MA US","2020-03-18","9.40","0.00","0.0","43","51","37"
"USW00014739","BOSTON, MA US","2020-03-19","13.20","0.56","0.0","41","42","39"
"USW00014739","BOSTON, MA US","2020-03-20","15.66","0.02","0.0","48","68","38"
"USW00014739","BOSTON, MA US","2020-03-21","14.09","0.00","0.0","49","57","31"
"USW00014739","BOSTON, MA US","2020-03-22","11.41","0.00","0.0","31","33","25"
"USW00014739","BOSTON, MA US","2020-03-23","15.21","1.38","0.0","33","41","28"
"USW00014739","BOSTON, MA US","2020-03-24","12.08","0.35","0.0","40","49","34"
"USW00014739","BOSTON, MA US","2020-03-25","13.87","0.00","0.0","40","43","37"
"USW00014739","BOSTON, MA US","2020-03-26","11.41","0.00","0.0","39","46","32"
"USW00014739","BOSTON, MA US","2020-03-27","12.75","0.01","0.0","51","61","43"
"USW00014739","BOSTON, MA US","2020-03-28","6.49","0.08","0.0","45","48","36"
"USW00014739","BOSTON, MA US","2020-03-29","16.11","0.74","0.0","42","43","39"
"USW00014739","BOSTON, MA US","2020-03-30","15.43","0.08","0.0","40","43","37"
"USW00014739","BOSTON, MA US","2020-03-31","12.30","0.00","0.0","36","40","33"
"USW00014739","BOSTON, MA US","2020-04-01","12.08","0.00","0.0","36","43","31"
"USW00014739","BOSTON, MA US","2020-04-02","17.67","0.13","0.0","42","47","39"
"USW00014739","BOSTON, MA US","2020-04-03","25.50","0.83","0.0","43","45","41"
"USW00014739","BOSTON, MA US","2020-04-04","13.20","0.04","0.0","41","44","39"
"USW00014739","BOSTON, MA US","2020-04-05","8.28","0.00","0.0","43","54","39"
"USW00014739","BOSTON, MA US","2020-04-06","10.29","0.00","0.0","50","62","44"
"USW00014739","BOSTON, MA US","2020-04-07","8.72","0.00","0.0","52","62","46"
"USW00014739","BOSTON, MA US","2020-04-08","7.16","0.07","0.0","46","48","42"
"USW00014739","BOSTON, MA US","2020-04-09","14.09","0.64","0.0","44","48","41"
"USW00014739","BOSTON, MA US","2020-04-10","18.12","0.01","0.0","43","48","38"
"USW00014739","BOSTON, MA US","2020-04-11","15.21","0.00","0.0","44","52","37"
"USW00014739","BOSTON, MA US","2020-04-12","10.74","0.00","0.0","47","60","35"
"USW00014739","BOSTON, MA US","2020-04-13","22.37","0.56","0.0","55","60","51"
"USW00014739","BOSTON, MA US","2020-04-14","10.29","0.00","0.0","53","58","45"
"USW00014739","BOSTON, MA US","2020-04-15","9.62","0.00","0.0","47","53","38"
"USW00014739","BOSTON, MA US","2020-04-16","12.30","0.00","0.0","42","47","34"
"USW00014739","BOSTON, MA US","2020-04-17","14.32","0.01","0.0","41","49","34"
"USW00014739","BOSTON, MA US","2020-04-18","10.29","0.67","0.7","38","41","32"
"USW00014739","BOSTON, MA US","2020-04-19","14.99","0.00","0.0","46","61","37"
"USW00014739","BOSTON, MA US","2020-04-20","9.40","0.00","0.0","48","51","38"
"USW00014739","BOSTON, MA US","2020-04-21","16.55","0.33","0.0","43","54","34"
"USW00014739","BOSTON, MA US","2020-04-22","19.69","0.00","0.0","39","44","34"
"USW00014739","BOSTON, MA US","2020-04-23","12.53","0.00","0.0","42","55","34"
"USW00014739","BOSTON, MA US","2020-04-24","9.17","0.21","0.0","44","45","39"
"USW00014739","BOSTON, MA US","2020-04-25","7.61","0.00","0.0","45","53","37"
"USW00014739","BOSTON, MA US","2020-04-26","14.99","0.22","0.0","45","47","41"
"USW00014739","BOSTON, MA US","2020-04-27","22.82","0.60","0.0","41","42","37"
"USW00014739","BOSTON, MA US","2020-04-28","10.29","0.01","0.0","40","44","38"
"USW00014739","BOSTON, MA US","2020-04-29","9.84","0.00","0.0","44","49","38"
"USW00014739","BOSTON, MA US","2020-04-30","13.20","0.00","0.0","45","50","44"
"USW00014739","BOSTON, MA US","2020-05-01","8.95","0.79","0.0","52","62","48"
"USW00014739","BOSTON, MA US","2020-05-02","12.97","0.01","0.0","57","70","46"
"USW00014739","BOSTON, MA US","2020-05-03","10.07","0.00","0.0","64","78","53"
"USW00014739","BOSTON, MA US","2020-05-04","11.86","0.00","0.0","63","70","48"
"USW00014739","BOSTON, MA US","2020-05-05","12.97","0.00","0.0","51","58","44"
"USW00014739","BOSTON, MA US","2020-05-06","9.17","0.01","0.0","47","51","41"
"USW00014739","BOSTON, MA US","2020-05-07","9.40","0.00","0.0","51","64","42"
"USW00014739","BOSTON, MA US","2020-05-08","11.86","0.25","0.0","52","57","43"
"USW00014739","BOSTON, MA US","2020-05-09","19.69","0.12","0.0","41","44","36"
"USW00014739","BOSTON, MA US","2020-05-10","14.76","0.00","0.0","44","60","34"
"USW00014739","BOSTON, MA US","2020-05-11","11.86","0.23","0.0","52","62","44"
"USW00014739","BOSTON, MA US","2020-05-12","15.66","0.00","0.0","48","56","41"
"USW00014739","BOSTON, MA US","2020-05-13","12.75","0.00","0.0","48","60","37"
"USW00014739","BOSTON, MA US","2020-05-14","11.18","0.00","0.0","57","69","45"
"USW00014739","BOSTON, MA US","2020-05-15","10.96","0.67","0.0","60","74","51"
"USW00014739","BOSTON, MA US","2020-05-16","12.97","0.04","0.0","63","68","49"
"USW00014739","BOSTON, MA US","2020-05-17","8.50","0.00","0.0","54","63","49"
"USW00014739","BOSTON, MA US","2020-05-18","8.28","0.00","0.0","54","58","47"
"USW00014739","BOSTON, MA US","2020-05-19","12.30","0.00","0.0","51","55","47"
"USW00014739","BOSTON, MA US","2020-05-20","8.50","0.00","0.0","51","58","45"
"USW00014739","BOSTON, MA US","2020-05-21","11.18","0.00","0.0","58","77","45"
"USW00014739","BOSTON, MA US","2020-05-22","14.09","0.00","0.0","67","82","54"
"USW00014739","BOSTON, MA US","2020-05-23","15.43","0.00","0.0","62","72","47"
"USW00014739","BOSTON, MA US","2020-05-24","11.86","0.00","0.0","50","54","44"
"USW00014739","BOSTON, MA US","2020-05-25","6.49","0.00","0.0","50","55","48"
"USW00014739","BOSTON, MA US","2020-05-26","6.71","0.00","0.0","56","70","50"
"USW00014739","BOSTON, MA US","2020-05-27","11.63","0.00","0.0","70","83","60"
"USW00014739","BOSTON, MA US","2020-05-28","13.65","0.00","0.0","71","78","64"
"USW00014739","BOSTON, MA US","2020-05-29","16.33","0.00","0.0","73","81","66"
"USW00014739","BOSTON, MA US","2020-05-30","11.41","0.09","0.0","73","80","65"
"USW00014739","BOSTON, MA US","2020-05-31","14.76","0.00","0.0","65","68","50"
"USW00014739","BOSTON, MA US","2020-06-01","10.96","0.00","0.0","56","64","47"
"USW00014739","BOSTON, MA US","2020-06-02","8.50","0.02","0.0","56","64","49"
"USW00014739","BOSTON, MA US","2020-06-03","7.38","0.01","0.0","65","80","55"
"USW00014739","BOSTON, MA US","2020-06-04","8.50","0.00","0.0","74","89","59"
"USW00014739","BOSTON, MA US","2020-06-05","11.41","0.16","0.0","72","81","64"
"USW00014739","BOSTON, MA US","2020-06-06","10.51","0.14","0.0","75","89","62"
"USW00014739","BOSTON, MA US","2020-06-07","9.84","0.00","0.0","62","65","57"
"USW00014739","BOSTON, MA US","2020-06-08","8.28","0.00","0.0","66","79","55"
"USW00014739","BOSTON, MA US","2020-06-09","5.59","0.00","0.0","67","80","60"
"USW00014739","BOSTON, MA US","2020-06-10","9.62","0.00","0.0","62","66","58"
"USW00014739","BOSTON, MA US","2020-06-11","13.65","0.74","0.0","67","76","62"
"USW00014739","BOSTON, MA US","2020-06-12","8.95","0.00","0.0","73","84","65"
"USW00014739","BOSTON, MA US","2020-06-13","11.18","0.00","0.0","66","68","57"
"USW00014739","BOSTON, MA US","2020-06-14","10.51","0.00","0.0","60","66","53"
"USW00014739","BOSTON, MA US","2020-06-15","7.61","0.00","0.0","59","65","55"
"USW00014739","BOSTON, MA US","2020-06-16","6.49","0.00","0.0","62","70","55"
"USW00014739","BOSTON, MA US","2020-06-17","7.83","0.00","0.0","64","73","56"
"USW00014739","BOSTON, MA US","2020-06-18","9.84","0.00","0.0","72","88","62"
"USW00014739","BOSTON, MA US","2020-06-19","11.86","0.00","0.0","77","87","68"
"USW00014739","BOSTON, MA US","2020-06-20","9.62","0.00","0.0","79","92","69"
"USW00014739","BOSTON, MA US","2020-06-21","8.05","0.00","0.0","78","87","67"
"USW00014739","BOSTON, MA US","2020-06-22","7.83","0.00","0.0","67","71","62"
"USW00014739","BOSTON, MA US","2020-06-23","9.84","0.00","0.0","72","88","63"
"USW00014739","BOSTON, MA US","2020-06-24","9.84","0.01","0.0","76","86","68"
"USW00014739","BOSTON, MA US","2020-06-25","9.40","0.00","0.0","77","86","69"
"USW00014739","BOSTON, MA US","2020-06-26","9.62","0.00","0.0","76","86","67"
"USW00014739","BOSTON, MA US","2020-06-27","5.82","0.02","0.0","74","83","65"
"USW00014739","BOSTON, MA US","2020-06-28","6.93","1.19","0.0","70","81","64"
"USW00014739","BOSTON, MA US","2020-06-29","6.71","0.19","0.0","67","73","63"
"USW00014739","BOSTON, MA US","2020-06-30","6.93","0.18","0.0","64","68","63"
"USW00014739","BOSTON, MA US","2020-07-01","5.59","0.07","0.0","66","72","63"
"USW00014739","BOSTON, MA US","2020-07-02","6.93","0.00","0.0","71","85","64"
"USW00014739","BOSTON, MA US","2020-07-03","12.30","0.00","0.0","72","77","62"
"USW00014739","BOSTON, MA US","2020-07-04","8.05","0.00","0.0","65","70","61"
"USW00014739","BOSTON, MA US","2020-07-05","7.61","0.11","0.0","69","79","64"
"USW00014739","BOSTON, MA US","2020-07-06","8.95","0.00","0.0","68","70","63"
"USW00014739","BOSTON, MA US","2020-07-07","9.62","0.00","0.0","68","80","62"
"USW00014739","BOSTON, MA US","2020-07-08","12.30","0.00","0.0","74","85","67"
"USW00014739","BOSTON, MA US","2020-07-09","9.17","0.00","0.0","78","86","72"
"USW00014739","BOSTON, MA US","2020-07-10","10.96","0.00","0.0","74","78","69"
"USW00014739","BOSTON, MA US","2020-07-11","15.66","0.01","0.0","77","89","69"
"USW00014739","BOSTON, MA US","2020-07-12","14.32","0.00","0.0","80","89","72"
"USW00014739","BOSTON, MA US","2020-07-13","7.83","0.07","0.0","78","85","69"
"USW00014739","BOSTON, MA US","2020-07-14","8.95","0.62","0.0","71","76","66"
"USW00014739","BOSTON, MA US","2020-07-15","8.95","0.07","0.0","66","70","62"
"USW00014739","BOSTON, MA US","2020-07-16","8.95","0.00","0.0","65","69","60"
"USW00014739","BOSTON, MA US","2020-07-17","9.40","0.11","0.0","64","74","59"
"USW00014739","BOSTON, MA US","2020-07-18","6.71","0.00","0.0","77","91","68"
"USW00014739","BOSTON, MA US","2020-07-19","11.63","0.00","0.0","82","95","70"
"USW00014739","BOSTON, MA US","2020-07-20","12.97","0.00","0.0","82","93","75"
"USW00014739","BOSTON, MA US","2020-07-21","10.29","0.00","0.0","83","90","74"
"USW00014739","BOSTON, MA US","2020-07-22","8.05","0.32","0.0","75","79","68"
"USW00014739","BOSTON, MA US","2020-07-23","7.83","0.57","0.0","76","89","68"
"USW00014739","BOSTON, MA US","2020-07-24","7.61","0.00","0.0","74","79","70"
"USW00014739","BOSTON, MA US","2020-07-25","6.49","0.00","0.0","76","84","68"
"USW00014739","BOSTON, MA US","2020-07-26","12.53","0.00","0.0","81","91","73"
"USW00014739","BOSTON, MA US","2020-07-27","11.41","0.00","0.0","86","95","75"
"USW00014739","BOSTON, MA US","2020-07-28","11.63","0.00","0.0","87","95","78"
"USW00014739","BOSTON, MA US","2020-07-29","10.51","0.00","0.0","80","87","73"
"USW00014739","BOSTON, MA US","2020-07-30","7.61","0.00","0.0","78","87","70"
"USW00014739","BOSTON, MA US","2020-07-31","6.93","0.00","0.0","75","77","68"
"USW00014739","BOSTON, MA US","2020-08-01","8.05","0.00","0.0","75","81","69"
"USW00014739","BOSTON, MA US","2020-08-02","11.41","0.07","0.0","77","87","70"
"USW00014739","BOSTON, MA US","2020-08-03","12.75","0.00","0.0","83","92","73"
"USW00014739","BOSTON, MA US","2020-08-04","14.32","0.17","0.0","76","79","70"
"USW00014739","BOSTON, MA US","2020-08-05","12.30","0.00","0.0","79","92","70"
"USW00014739","BOSTON, MA US","2020-08-06","6.71","0.00","0.0","77","84","68"
"USW00014739","BOSTON, MA US","2020-08-07","6.26","0.00","0.0","71","76","65"
"USW00014739","BOSTON, MA US","2020-08-08","6.93","0.00","0.0","70","78","66"
"USW00014739","BOSTON, MA US","2020-08-09","9.62","0.00","0.0","76","91","67"
"USW00014739","BOSTON, MA US","2020-08-10","8.05","0.00","0.0","81","94","72"
"USW00014739","BOSTON, MA US","2020-08-11","10.96","0.00","0.0","83","94","73"
"USW00014739","BOSTON, MA US","2020-08-12","7.38","0.00","0.0","81","93","74"
"USW00014739","BOSTON, MA US","2020-08-13","7.38","0.00","0.0","79","84","68"
"USW00014739","BOSTON, MA US","2020-08-14","8.50","0.00","0.0","73","80","68"
"USW00014739","BOSTON, MA US","2020-08-15","14.09","0.00","0.0","68","70","64"
"USW00014739","BOSTON, MA US","2020-08-16","11.63","0.16","0.0","67","71","64"
"USW00014739","BOSTON, MA US","2020-08-17","11.18","0.08","0.0","66","71","62"
"USW00014739","BOSTON, MA US","2020-08-18","10.29","0.16","0.0","73","86","66"
"USW00014739","BOSTON, MA US","2020-08-19","8.05","0.06","0.0","71","74","64"
"USW00014739","BOSTON, MA US","2020-08-20","8.50","0.00","0.0","69","81","61"
"USW00014739","BOSTON, MA US","2020-08-21","11.41","0.00","0.0","75","89","63"
"USW00014739","BOSTON, MA US","2020-08-22","7.16","0.00","0.0","75","79","70"
"USW00014739","BOSTON, MA US","2020-08-23","8.05","1.33","0.0","73","89","66"
"USW00014739","BOSTON, MA US","2020-08-24","7.83","0.00","0.0","75","87","67"
"USW00014739","BOSTON, MA US","2020-08-25","12.53","0.00","0.0","79","89","68"
"USW00014739","BOSTON, MA US","2020-08-26","13.20","0.00","0.0","69","75","61"
"USW00014739","BOSTON, MA US","2020-08-27","6.04","0.18","0.0","64","66","60"
"USW00014739","BOSTON, MA US","2020-08-28","5.82","0.00","0.0","68","82","61"
"USW00014739","BOSTON, MA US","2020-08-29","9.62","0.07","0.0","70","76","65"
"USW00014739","BOSTON, MA US","2020-08-30","14.99","0.00","0.0","72","77","63"
"USW00014739","BOSTON, MA US","2020-08-31","8.50","0.00","0.0","65","71","58"
"USW00014739","BOSTON, MA US","2020-09-01","10.96","0.00","0.0","66","72","59"
"USW00014739","BOSTON, MA US","2020-09-02","7.38","0.20","0.0","65","71","62"
"USW00014739","BOSTON, MA US","2020-09-03","5.82","0.01","0.0","71","77","66"
"USW00014739","BOSTON, MA US","2020-09-04","10.29","0.00","0.0","74","85","68"
"USW00014739","BOSTON, MA US","2020-09-05","9.62","0.00","0.0","70","78","61"
"USW00014739","BOSTON, MA US","2020-09-06","6.49","0.00","0.0","69","78","63"
"USW00014739","BOSTON, MA US","2020-09-07","10.74","0.00","0.0","70","81","63"
"USW00014739","BOSTON, MA US","2020-09-08","8.95","0.00","0.0","69","79","61"
"USW00014739","BOSTON, MA US","2020-09-09","5.82","0.00","0.0","69","77","63"
"USW00014739","BOSTON, MA US","2020-09-10","7.16","0.25","0.0","74","82","68"
"USW00014739","BOSTON, MA US","2020-09-11","9.62","0.00","0.0","67","74","57"
"USW00014739","BOSTON, MA US","2020-09-12","9.62","0.00","0.0","60","67","53"
"USW00014739","BOSTON, MA US","2020-09-13","8.72","0.00","0.0","63","75","55"
"USW00014739","BOSTON, MA US","2020-09-14","13.42","0.00","0.0","70","77","54"
"USW00014739","BOSTON, MA US","2020-09-15","8.28","0.00","0.0","56","61","49"
"USW00014739","BOSTON, MA US","2020-09-16","14.09","0.00","0.0","61","73","51"
"USW00014739","BOSTON, MA US","2020-09-17","10.51","0.00","0.0","67","78","58"
"USW00014739","BOSTON, MA US","2020-09-18","13.42","0.00","0.0","62","66","51"
"USW00014739","BOSTON, MA US","2020-09-19","10.51","0.00","0.0","54","60","46"
"USW00014739","BOSTON, MA US","2020-09-20","10.96","0.00","0.0","52","60","44"
"USW00014739","BOSTON, MA US","2020-09-21","10.51","0.00","0.0","53","61","45"
"USW00014739","BOSTON, MA US","2020-09-22","13.65","0.00","0.0","54","66","45"
"USW00014739","BOSTON, MA US","2020-09-23","11.63","0.00","0.0","65","80","55"
"USW00014739","BOSTON, MA US","2020-09-24","8.05","0.00","0.0","69","79","61"
"USW00014739","BOSTON, MA US","2020-09-25","6.04","0.00","0.0","65","72","58"
"USW00014739","BOSTON, MA US","2020-09-26","7.61","0.00","0.0","63","75","58"
"USW00014739","BOSTON, MA US","2020-09-27","7.16","0.00","0.0","69","77","63"
"USW00014739","BOSTON, MA US","2020-09-28","8.95","0.05","0.0","70","81","63"
"USW00014739","BOSTON, MA US","2020-09-29","8.05","0.00","0.0","68","79","62"
"USW00014739","BOSTON, MA US","2020-09-30","18.34","0.46","0.0","71","74","58"
"USW00014739","BOSTON, MA US","2020-10-01","11.41","0.00","0.0","65","76","58"
"USW00014739","BOSTON, MA US","2020-10-02","7.38","0.02","0.0","61","65","53"
"USW00014739","BOSTON, MA US","2020-10-03","7.83","0.00","0.0","56","64","49"
"USW00014739","BOSTON, MA US","2020-10-04","8.05","0.00","0.0","56","63","49"
"USW00014739","BOSTON, MA US","2020-10-05","8.50","0.00","0.0","57","63","52"
"USW00014739","BOSTON, MA US","2020-10-06","9.62","0.00","0.0","58","70","50"
"USW00014739","BOSTON, MA US","2020-10-07","17.00","0.02","0.0","62","75","55"
"USW00014739","BOSTON, MA US","2020-10-08","15.43","0.00","0.0","57","63","48"
"USW00014739","BOSTON, MA US","2020-10-09","10.74","0.00","0.0","51","60","42"
"USW00014739","BOSTON, MA US","2020-10-10","19.46","0.00","0.0","63","78","54"
"USW00014739","BOSTON, MA US","2020-10-11","12.30","0.00","0.0","60","67","51"
"USW00014739","BOSTON, MA US","2020-10-12","16.11","0.00","0.0","52","54","50"
"USW00014739","BOSTON, MA US","2020-10-13","14.76","1.50","0.0","55","58","51"
"USW00014739","BOSTON, MA US","2020-10-14","8.72","0.00","0.0","58","70","51"
"USW00014739","BOSTON, MA US","2020-10-15","12.30","0.00","0.0","59","72","48"
"USW00014739","BOSTON, MA US","2020-10-16","9.40","0.77","0.0","61","71","50"
"USW00014739","BOSTON, MA US","2020-10-17","12.75","1.16","0.0","51","58","42"
"USW00014739","BOSTON, MA US","2020-10-18","6.93","0.00","0.0","49","58","40"
"USW00014739","BOSTON, MA US","2020-10-19","5.14","0.00","0.0","51","58","44"
"USW00014739","BOSTON, MA US","2020-10-20","5.82","0.00","0.0","56","67","49"
"USW00014739","BOSTON, MA US","2020-10-21","7.61","0.06","0.0","58","65","56"
"USW00014739","BOSTON, MA US","2020-10-22","7.16","0.00","0.0","62","67","54"
"USW00014739","BOSTON, MA US","2020-10-23","6.93","0.00","0.0","57","62","55"
"USW00014739","BOSTON, MA US","2020-10-24","11.41","0.00","0.0","60","70","46"
"USW00014739","BOSTON, MA US","2020-10-25","10.07","0.00","0.0","47","50","43"
"USW00014739","BOSTON, MA US","2020-10-26","9.62","0.01","0.0","50","53","48"
"USW00014739","BOSTON, MA US","2020-10-27","8.28","0.00","0.0","51","54","44"
"USW00014739","BOSTON, MA US","2020-10-28","6.04","0.27","0.0","47","51","44"
"USW00014739","BOSTON, MA US","2020-10-29","9.62","0.91","0.0","47","49","43"
"USW00014739","BOSTON, MA US","2020-10-30","14.54","0.26","4.3","37","44","30"
"USW00014739","BOSTON, MA US","2020-10-31","6.71","0.00","0.0","33","42","28"
"USW00014739","BOSTON, MA US","2020-11-01","6.49","0.62","0.0","42","50","37"
"USW00014739","BOSTON, MA US","2020-11-02","19.24","0.00","0.0","42","44","33"
"USW00014739","BOSTON, MA US","2020-11-03","14.54","0.00","0.0","38","43","32"
"USW00014739","BOSTON, MA US","2020-11-04","8.50","0.00","0.0","40","54","33"
"USW00014739","BOSTON, MA US","2020-11-05","15.21","0.00","0.0","57","70","49"
"USW00014739","BOSTON, MA US","2020-11-06","12.30","0.00","0.0","61","72","55"
"USW00014739","BOSTON, MA US","2020-11-07","7.61","0.00","0.0","61","74","49"
"USW00014739","BOSTON, MA US","2020-11-08","4.25","0.00","0.0","60","70","49"
"USW00014739","BOSTON, MA US","2020-11-09","2.46","0.00","0.0","51","62","45"
"USW00014739","BOSTON, MA US","2020-11-10","9.84","0.00","0.0","58","75","48"
"USW00014739","BOSTON, MA US","2020-11-11","14.32","0.01","0.0","64","73","56"
"USW00014739","BOSTON, MA US","2020-11-12","9.84","0.00","0.0","61","66","47"
"USW00014739","BOSTON, MA US","2020-11-13","12.08","0.22","0.0","48","49","40"
"USW00014739","BOSTON, MA US","2020-11-14","10.07","0.00","0.0","43","49","38"
"USW00014739","BOSTON, MA US","2020-11-15","12.30","0.34","0.0","41","58","33"
"USW00014739","BOSTON, MA US","2020-11-16","12.75","0.05","0.0","51","53","42"
"USW00014739","BOSTON, MA US","2020-11-17","11.41","0.00","0.0","43","48","35"
"USW00014739","BOSTON, MA US","2020-11-18","14.09","0.00","0.0","33","35","23"
"USW00014739","BOSTON, MA US","2020-11-19","12.75","0.00","0.0","29","46","22"
"USW00014739","BOSTON, MA US","2020-11-20","17.00","0.00","0.0","51","64","45"
"USW00014739","BOSTON, MA US","2020-11-21","9.17","0.00","0.0","55","62","42"
"USW00014739","BOSTON, MA US","2020-11-22","13.65","0.00","0.0","42","47","35"
"USW00014739","BOSTON, MA US","2020-11-23","13.65","1.81","0.0","49","59","36"
"USW00014739","BOSTON, MA US","2020-11-24","11.41","0.00","0.0","39","44","29"
"USW00014739","BOSTON, MA US","2020-11-25","4.25","0.01","0.0","37","51","27"
"USW00014739","BOSTON, MA US","2020-11-26","5.82","0.29","0.0","49","59","40"
"USW00014739","BOSTON, MA US","2020-11-27","4.25","0.00","0.0","49","55","39"
"USW00014739","BOSTON, MA US","2020-11-28","8.05","0.00","0.0","49","54","41"
"USW00014739","BOSTON, MA US","2020-11-29","8.05","0.00","0.0","44","52","38"
"USW00014739","BOSTON, MA US","2020-11-30","16.78","0.85","0.0","46","63","38"
"USW00014739","BOSTON, MA US","2020-12-01","15.66","0.41","0.0","59","63","42"
"USW00014739","BOSTON, MA US","2020-12-02","13.42","0.00","0.0","41","43","35"
"USW00014739","BOSTON, MA US","2020-12-03","12.53","0.00","0.0","41","50","33"
"USW00014739","BOSTON, MA US","2020-12-04","13.20","0.02","0.0","47","58","40"
"USW00014739","BOSTON, MA US","2020-12-05","18.12","1.72","0.3","43","47","33"
"USW00014739","BOSTON, MA US","2020-12-06","17.22","0.00","0.0","34","37","29"
"USW00014739","BOSTON, MA US","2020-12-07","10.29","0.00","0.0","30","35","27"
"USW00014739","BOSTON, MA US","2020-12-08","13.42","0.00","0.0","29","31","26"
"USW00014739","BOSTON, MA US","2020-12-09","7.61","0.00","0.0","29","36","24"
"USW00014739","BOSTON, MA US","2020-12-10","9.62","0.00","0.0","38","45","34"
"USW00014739","BOSTON, MA US","2020-12-11","8.28","0.00","0.0","39","51","28"
"USW00014739","BOSTON, MA US","2020-12-12","5.82","0.50","0.0","42","47","35"
"USW00014739","BOSTON, MA US","2020-12-13","6.93","0.00","0.0","47","59","40"
"USW00014739","BOSTON, MA US","2020-12-14","7.83","0.06","0.0","38","40","34"
"USW00014739","BOSTON, MA US","2020-12-15","13.87","0.00","0.0","33","36","23"
"USW00014739","BOSTON, MA US","2020-12-16","13.20","0.04","0.4","22","30","16"
"USW00014739","BOSTON, MA US","2020-12-17","22.59","1.30","12.3","26","32","21"
"USW00014739","BOSTON, MA US","2020-12-18","10.29","0.00","0.0","25","30","21"
"USW00014739","BOSTON, MA US","2020-12-19","6.04","0.00","0.0","23","31","17"
"USW00014739","BOSTON, MA US","2020-12-20","3.58","0.03","0.0","29","36","26"
"USW00014739","BOSTON, MA US","2020-12-21","5.59","0.00","0.0","33","37","27"
"USW00014739","BOSTON, MA US","2020-12-22","11.63","0.00","0.0","38","44","32"
"USW00014739","BOSTON, MA US","2020-12-23","10.07","0.00","0.0","35","38","30"
"USW00014739","BOSTON, MA US","2020-12-24","12.97","0.00","0.0","39","53","30"
"USW00014739","BOSTON, MA US","2020-12-25","19.69","1.49","0.0","53","60","40"
"USW00014739","BOSTON, MA US","2020-12-26","17.00","0.00","0.0","36","40","28"
"USW00014739","BOSTON, MA US","2020-12-27","8.95","0.00","0.0","31","38","25"
"USW00014739","BOSTON, MA US","2020-12-28","9.40","0.00","0.0","37","49","28"
"USW00014739","BOSTON, MA US","2020-12-29","15.43","0.00","0.0","37","42","24"
"USW00014739","BOSTON, MA US","2020-12-30","11.86","0.00","0.0","28","41","24"
"USW00014739","BOSTON, MA US","2020-12-31","14.32","0.10","0.0","42","45","33"
